{"cameraMode":{"drawMode":0,"name":"Shaded","section":"Shading Mode"},"sceneLighting":true,"audioPlay":false,"sceneViewState":{"showFog":true,"showMaterialUpdate":false,"showSkybox":true,"showFlares":true,"showImageEffects":true,"showParticleSystems":true},"in2DMode":false,"pivot":{"x":630.5648803710938,"y":242.78216552734376,"z":8.215131759643555},"rotation":{"x":0.09525439143180847,"y":-0.0014938447857275606,"z":0.00014250172534957528,"w":0.9954570531845093},"size":610.0736083984375,"orthographic":false}