{"cameraMode":{"drawMode":0,"name":"Shaded","section":"Shading Mode"},"sceneLighting":true,"audioPlay":false,"sceneViewState":{"showFog":true,"showMaterialUpdate":false,"showSkybox":true,"showFlares":true,"showImageEffects":true,"showParticleSystems":true},"in2DMode":false,"pivot":{"x":1.6354038715362549,"y":3.678286075592041,"z":2.908888578414917},"rotation":{"x":-0.05870711803436279,"y":0.7912272810935974,"z":-0.07690214365720749,"w":-0.6038533449172974},"size":9.211825370788575,"orthographic":false}