{"cameraMode":{"drawMode":0,"name":"Shaded","section":"Shading Mode"},"sceneLighting":true,"audioPlay":false,"sceneViewState":{"showFog":true,"showMaterialUpdate":false,"showSkybox":true,"showFlares":true,"showImageEffects":true,"showParticleSystems":true},"in2DMode":false,"pivot":{"x":-7.929751396179199,"y":-6.3241472244262699,"z":16.893348693847658},"rotation":{"x":0.2049180567264557,"y":-0.25500014424324038,"z":0.05539083853363991,"w":0.9433607459068298},"size":38.361854553222659,"orthographic":false}