{"cameraMode":{"drawMode":0,"name":"Shaded","section":"Shading Mode"},"sceneLighting":true,"audioPlay":false,"sceneViewState":{"showFog":true,"showMaterialUpdate":false,"showSkybox":true,"showFlares":true,"showImageEffects":true,"showParticleSystems":true},"in2DMode":false,"pivot":{"x":-10.488000869750977,"y":2.303330183029175,"z":9.485182762145996},"rotation":{"x":0.17752157151699067,"y":-0.4433893859386444,"z":0.09006206691265106,"w":0.8739519715309143},"size":26.781339645385743,"orthographic":false}