{"cameraMode":{"drawMode":0,"name":"Shaded","section":"Shading Mode"},"sceneLighting":true,"audioPlay":false,"sceneViewState":{"showFog":true,"showMaterialUpdate":false,"showSkybox":true,"showFlares":true,"showImageEffects":true,"showParticleSystems":true},"in2DMode":false,"pivot":{"x":-4.5195417404174809,"y":3.4448909759521486,"z":17.963212966918947},"rotation":{"x":-0.1212894469499588,"y":0.25183773040771487,"z":-0.03176650404930115,"w":-0.9597333669662476},"size":30.26169204711914,"orthographic":false}