{"cameraMode":{"drawMode":0,"name":"Shaded","section":"Shading Mode"},"sceneLighting":true,"audioPlay":false,"sceneViewState":{"showFog":true,"showMaterialUpdate":false,"showSkybox":true,"showFlares":true,"showImageEffects":true,"showParticleSystems":true},"in2DMode":false,"pivot":{"x":43.936031341552737,"y":411.7110900878906,"z":-39.179405212402347},"rotation":{"x":0.04285839945077896,"y":-0.03931014984846115,"z":0.0016047946410253645,"w":0.998384416103363},"size":437.8621520996094,"orthographic":false}