{"cameraMode":{"drawMode":0,"name":"Shaded","section":"Shading Mode"},"sceneLighting":true,"audioPlay":false,"sceneViewState":{"showFog":true,"showMaterialUpdate":false,"showSkybox":true,"showFlares":true,"showImageEffects":true,"showParticleSystems":true},"in2DMode":false,"pivot":{"x":-17.346725463867189,"y":-3.107682228088379,"z":17.990440368652345},"rotation":{"x":-0.06739344447851181,"y":0.45728299021720889,"z":-0.03475748375058174,"w":-0.8861111402511597},"size":45.771358489990237,"orthographic":false}