{"cameraMode":{"drawMode":0,"name":"Shaded","section":"Shading Mode"},"sceneLighting":true,"audioPlay":false,"sceneViewState":{"showFog":true,"showMaterialUpdate":false,"showSkybox":true,"showFlares":true,"showImageEffects":true,"showParticleSystems":true},"in2DMode":false,"pivot":{"x":-5.930805206298828,"y":2.8157546520233156,"z":15.001136779785157},"rotation":{"x":0.2023152858018875,"y":-0.2957819700241089,"z":0.06424877792596817,"w":0.9313780069351196},"size":25.007307052612306,"orthographic":false}