{"cameraMode":{"drawMode":0,"name":"Shaded","section":"Shading Mode"},"sceneLighting":true,"audioPlay":false,"sceneViewState":{"showFog":true,"showMaterialUpdate":false,"showSkybox":true,"showFlares":true,"showImageEffects":true,"showParticleSystems":true},"in2DMode":false,"pivot":{"x":-7.903800010681152,"y":3.9197473526000978,"z":5.315069198608398},"rotation":{"x":-0.15239207446575166,"y":0.5357655882835388,"z":-0.09895718097686768,"w":-0.824722170829773},"size":20.088436126708986,"orthographic":false}