{"cameraMode":{"drawMode":0,"name":"Shaded","section":"Shading Mode"},"sceneLighting":true,"audioPlay":false,"sceneViewState":{"showFog":true,"showMaterialUpdate":false,"showSkybox":true,"showFlares":true,"showImageEffects":true,"showParticleSystems":true},"in2DMode":false,"pivot":{"x":8.346524238586426,"y":7.719244956970215,"z":2.632781505584717},"rotation":{"x":0.08848847448825836,"y":0.5948961973190308,"z":-0.06614092737436295,"w":0.7962362766265869},"size":14.49831485748291,"orthographic":false}